travel_hour,is_night,is_weekend,street_lighting,road_type_score,nearby_shops,police_distance,hospital_distance,emergency_count,poi_count,bus_stop_count,commercial_density,safety_probability
10,0,0,0,0.76,16,4.19,4.09,5,18,3,0.02,98.89
2,1,0,0,0.99,9,2.49,2.26,5,0,8,0.12,80.93
12,0,1,1,0.64,19,2.94,5.36,5,2,8,0.34,84.03999999999999
9,0,1,0,0.55,10,2.46,2.02,3,27,8,0.05,95.84
5,1,0,1,0.92,12,0.96,5.25,0,2,7,0.6,72.27
10,0,1,1,0.74,19,3.42,2.75,2,14,0,0.53,79.69
15,0,0,0,0.66,10,0.95,5.41,3,20,0,0.33,85.71
11,0,1,1,0.61,10,3.74,2.17,0,14,8,0.73,95.14999999999999
16,0,0,1,0.43,1,4.87,5.79,0,11,0,0.97,42.44
18,0,0,0,0.43,1,4.81,5.75,4,19,2,0.0,54.78999999999999
6,0,1,1,0.95,0,4.17,5.89,0,1,1,0.01,41.44
11,0,0,1,0.56,2,3.69,2.32,4,5,4,0.55,78.17
22,1,0,0,0.32,16,3.43,4.92,2,4,1,0.71,41.24
8,0,1,1,0.8,19,4.78,4.28,4,8,5,0.27,86.24
16,0,1,0,0.72,19,1.05,4.92,3,2,4,0.43,68.88999999999999
23,1,1,0,0.35,11,1.93,2.3,4,15,5,0.38,90.73
15,0,0,0,0.72,12,0.58,1.18,0,27,5,0.76,96.12
16,0,1,1,0.37,9,3.76,1.25,4,5,6,0.08,80.64999999999999
14,0,0,0,0.66,20,1.38,2.7,3,8,0,0.22,80.33999999999999
18,0,0,1,0.76,10,1.31,5.75,0,10,1,0.83,70.08999999999999
6,0,1,0,0.64,6,3.01,3.55,4,19,4,0.03,82.17000000000002
19,1,1,0,0.92,3,0.9,2.45,4,18,6,0.31,74.14999999999999
8,0,1,0,0.36,11,2.23,5.84,4,13,3,0.83,79.8
10,0,1,1,0.78,14,2.87,3.32,1,2,0,0.41,67.78
21,1,1,0,0.91,13,1.71,1.95,5,9,7,0.8,100.0
12,0,0,1,0.58,16,0.96,4.09,3,29,0,0.58,100.0
8,0,1,0,0.63,20,3.38,3.51,1,9,8,0.1,55.290000000000006
12,0,1,1,0.71,17,3.36,0.7,1,20,3,0.34,71.02999999999999
0,1,1,0,0.34,4,1.76,1.27,2,8,6,0.47,70.03
4,1,1,1,0.53,8,2.24,2.78,1,19,5,0.3,74.75
3,1,0,0,0.88,17,1.37,3.82,3,3,3,0.5,91.84000000000002
21,1,0,0,0.63,18,1.15,0.43,3,2,4,0.49,72.96999999999998
1,1,0,0,0.53,3,1.68,1.52,5,14,2,0.99,76.52
23,1,0,0,0.82,10,4.46,4.73,2,15,6,0.76,66.14000000000001
16,0,1,1,0.64,0,0.55,1.56,4,7,3,0.5,91.98
19,1,1,0,0.43,6,1.83,2.22,1,10,2,0.81,51.65
14,0,0,0,0.78,17,1.14,0.59,0,10,0,0.71,77.72
18,0,1,1,0.77,0,3.94,2.02,3,29,8,0.16,95.71
10,0,0,1,0.61,14,0.59,2.77,4,4,2,0.55,100.0
3,1,1,1,0.69,3,2.3,3.59,4,12,2,0.06,74.19999999999999
6,0,0,0,0.38,18,1.24,5.86,4,22,4,0.07,100.0
12,0,1,0,0.83,14,0.77,2.94,1,14,6,0.5,95.73
7,0,1,0,0.6,1,4.88,1.36,4,20,1,0.39,57.58
5,1,1,1,0.54,14,4.38,2.9,0,28,0,0.93,82.3
5,1,1,0,0.49,12,1.65,2.09,2,17,3,0.94,88.13999999999999
1,1,1,0,0.82,3,0.92,4.1,1,16,0,0.3,52.14
7,0,1,1,0.9,12,1.73,4.8,2,22,2,0.6,88.91000000000001
4,1,0,0,0.87,2,0.92,3.46,2,19,8,0.69,80.91999999999999
5,1,1,0,0.62,6,2.63,4.11,5,11,0,0.31,90.23
16,0,1,0,0.96,1,1.66,0.49,4,28,6,0.25,98.33999999999999
13,0,1,1,0.88,0,4.17,2.68,1,3,7,0.4,48.53
23,1,1,0,0.67,3,2.65,3.68,2,14,4,0.84,56.22
7,0,0,1,0.96,7,1.21,0.72,5,11,1,0.9,100.0
15,0,0,1,0.72,14,0.35,3.8,5,3,0,0.87,97.36
14,0,1,1,0.71,7,1.88,2.46,4,29,2,0.68,100.0
19,1,0,1,0.83,3,4.32,4.81,3,2,8,0.34,56.4
12,0,0,1,0.9,9,4.2,3.29,0,21,6,0.59,86.57999999999998
15,0,1,1,0.63,13,0.95,2.14,4,30,3,0.97,96.93
10,0,0,1,0.5,2,1.06,1.63,4,15,8,0.46,100.0
13,0,0,1,0.76,12,4.7,1.85,1,25,2,0.01,84.25999999999998
20,1,1,1,0.52,6,2.01,2.16,4,9,4,0.52,78.25
2,1,0,0,0.77,13,3.94,4.59,3,27,8,0.9,94.91
6,0,1,1,0.86,2,1.57,4.45,1,21,0,0.89,76.77
16,0,1,1,0.35,17,2.97,3.54,4,20,0,0.62,100.0
20,1,0,0,0.82,11,2.57,5.13,5,13,3,0.97,99.57999999999998
4,1,1,0,0.82,12,4.78,2.28,4,12,8,0.2,87.96
11,0,0,0,0.66,2,1.49,2.69,3,27,7,0.26,77.14999999999999
2,1,1,0,0.68,13,0.7,5.67,0,22,1,0.46,55.8
10,0,1,0,0.78,6,2.43,0.33,5,24,8,0.88,99.91000000000001
9,0,0,1,0.63,16,4.15,3.05,0,0,2,0.68,76.9
14,0,1,0,0.47,7,3.01,4.64,1,7,6,0.11,71.19
14,0,0,0,0.68,6,3.32,5.17,5,24,6,0.87,100.0
17,0,0,0,0.56,8,1.72,4.76,3,5,2,0.89,85.32000000000001
16,0,0,1,0.46,8,3.11,5.75,0,6,0,0.27,59.760000000000005
15,0,0,0,0.92,11,4.42,3.86,2,1,3,0.25,70.05999999999999
3,1,0,0,0.48,9,2.08,4.01,0,19,0,0.15,64.97
20,1,0,0,0.43,8,2.05,5.54,4,24,3,0.65,78.19999999999997
12,0,1,0,0.99,10,2.11,1.87,4,10,6,0.29,92.75
12,0,1,0,0.39,6,2.77,4.12,3,11,6,0.47,82.66
13,0,1,1,0.31,2,3.21,2.68,2,29,3,0.5,80.14
15,0,1,1,0.54,19,1.74,4.68,1,18,1,0.48,83.95999999999998
19,1,1,0,0.98,7,3.18,5.36,1,5,3,0.76,46.24000000000001
23,1,0,0,0.44,17,1.18,1.79,1,26,6,0.82,91.24999999999999
22,1,1,0,0.52,18,1.66,5.47,0,19,4,0.28,76.37
22,1,1,0,0.62,8,2.39,3.13,3,22,8,0.77,82.03
2,1,0,1,0.75,1,3.32,4.43,1,27,0,0.89,50.60000000000001
4,1,0,1,0.63,7,2.55,5.96,1,11,8,0.85,67.86999999999999
14,0,0,0,0.53,6,2.33,3.49,3,6,2,0.75,77.65
13,0,0,1,0.4,1,0.33,2.43,5,4,0,0.66,96.10000000000001
17,0,1,0,0.41,8,2.63,2.06,0,25,6,0.18,77.82
11,0,1,0,0.46,6,3.09,4.37,0,2,6,0.18,55.83000000000001
5,1,1,1,0.93,12,0.8,1.49,1,7,3,0.88,67.27000000000001
22,1,1,1,0.44,10,4.97,1.22,2,27,0,0.8,62.8
22,1,0,0,0.64,15,0.98,4.21,2,18,8,0.79,84.4
16,0,0,0,0.33,0,1.42,1.67,5,16,2,0.33,89.13
20,1,1,1,0.34,20,4.66,1.38,2,10,0,0.91,61.819999999999986
12,0,0,0,0.99,19,1.33,1.05,0,17,2,0.1,83.11000000000001
18,0,0,0,0.51,7,1.24,5.23,1,30,0,0.29,65.53
12,0,1,0,0.47,6,3.12,4.42,2,11,0,0.04,74.71
6,0,0,0,0.73,14,3.37,4.02,1,6,5,0.8,75.83000000000001
8,0,0,0,0.97,8,3.02,0.51,5,15,2,0.94,100.0
19,1,1,1,0.42,1,3.42,2.01,5,22,5,0.49,90.38
1,1,0,0,1.0,2,3.57,2.22,0,23,8,0.48,66.86
20,1,0,0,0.33,13,2.32,2.89,3,27,0,0.21,83.32
22,1,0,1,0.64,17,2.76,4.52,4,29,3,0.24,83.84
11,0,1,1,0.54,12,4.81,5.47,2,30,8,0.75,91.06
11,0,0,1,0.75,8,1.53,2.14,1,25,1,0.99,85.61999999999999
5,1,0,1,0.74,8,0.78,1.2,5,8,4,0.93,92.08
12,0,1,0,0.75,15,1.9,3.14,0,1,2,0.26,69.44
4,1,1,0,0.72,2,2.69,1.63,3,5,2,0.98,39.230000000000004
13,0,0,0,0.35,11,0.32,4.14,5,12,2,0.15,100.0
8,0,1,0,0.83,4,2.17,2.01,1,29,5,0.25,83.37
23,1,0,1,0.42,12,1.82,3.17,2,10,2,0.06,74.3
1,1,0,1,0.38,6,2.37,5.6,5,2,5,0.79,78.97000000000001
19,1,1,0,0.77,13,4.36,1.21,0,7,1,0.78,43.150000000000006
21,1,0,1,0.77,12,3.87,3.43,5,13,1,0.71,73.46
15,0,0,0,0.66,2,1.37,1.77,2,20,7,0.44,85.89999999999999
9,0,0,1,0.97,20,2.24,0.81,3,11,7,0.45,100.0
1,1,0,1,0.62,12,2.21,2.68,2,11,1,0.8,69.67999999999999
9,0,0,0,0.72,19,4.95,2.43,3,17,7,0.81,83.03
22,1,0,0,0.9,7,2.03,4.79,5,6,3,0.74,80.09999999999998
23,1,0,0,0.77,15,2.22,4.5,1,25,3,0.17,75.37
8,0,0,1,0.44,1,4.03,1.84,5,12,5,0.03,100.0
20,1,0,1,0.67,1,4.2,3.19,2,26,4,0.16,76.54
4,1,1,0,0.88,2,0.35,3.68,3,23,1,0.33,75.46
20,1,0,1,0.9,1,0.64,2.89,2,5,8,0.27,73.98
20,1,1,0,0.93,6,3.28,0.61,0,0,7,0.97,47.559999999999995
13,0,1,1,0.84,6,2.41,0.94,3,23,3,0.17,82.59
15,0,0,1,0.66,0,4.01,4.13,5,0,2,0.35,53.74999999999999
12,0,1,1,0.47,2,2.12,0.53,5,19,5,0.22,100.0
9,0,0,0,0.95,2,4.49,5.35,5,5,5,0.43,75.33
8,0,1,0,0.99,2,1.38,3.0,3,10,4,0.97,69.74
5,1,1,0,0.54,13,3.54,1.99,1,28,6,0.89,63.33000000000001
21,1,1,0,0.94,8,3.24,5.6,4,14,7,0.02,70.08
13,0,1,0,0.6,16,1.36,5.62,2,27,0,0.6,84.84000000000002
8,0,0,0,0.85,1,0.31,3.6,4,12,1,0.35,72.82
5,1,0,0,0.86,14,3.59,5.06,2,8,6,0.95,57.099999999999994
23,1,0,0,0.62,18,3.17,1.61,1,30,0,0.02,59.999999999999986
11,0,1,1,0.38,7,2.28,0.51,4,21,3,0.25,100.0
8,0,0,1,1.0,20,0.42,3.74,2,14,4,0.56,100.0
19,1,1,0,0.98,14,2.41,1.89,5,26,5,0.65,87.49
14,0,0,0,0.36,3,3.59,4.78,2,24,6,0.19,70.67999999999999
19,1,0,0,0.54,19,0.69,2.71,5,23,1,0.38,100.0
22,1,0,0,0.3,4,0.84,0.59,0,11,8,0.69,67.8
5,1,1,0,0.97,4,3.09,0.71,3,9,5,0.83,63.64999999999999
19,1,1,0,0.73,7,2.0,4.97,4,3,8,0.4,89.15
4,1,1,1,0.3,17,3.5,5.4,3,14,6,0.05,61.3
12,0,1,0,0.74,17,2.7,1.77,1,20,7,0.45,96.14999999999999
1,1,1,0,0.4,11,2.29,5.68,4,23,2,0.22,73.64999999999999
4,1,1,0,0.61,5,3.07,5.19,5,15,2,0.73,82.77
12,0,0,1,0.33,18,1.59,3.98,4,20,5,0.04,100.0
6,0,1,1,0.97,7,4.33,3.22,1,18,5,0.22,78.19
3,1,0,1,0.69,6,2.07,1.24,3,18,3,0.32,93.04
6,0,0,1,0.36,16,4.15,4.59,0,11,8,0.35,91.0
13,0,0,0,0.43,19,1.38,3.51,5,6,6,0.93,100.0
20,1,1,0,0.32,1,3.11,3.43,2,11,0,0.26,62.45
18,0,0,0,0.73,4,2.84,2.15,0,22,5,0.74,62.33
9,0,0,1,0.74,18,0.79,1.1,0,28,7,0.39,88.31
4,1,0,0,0.9,2,3.79,2.94,2,24,5,0.24,70.0
2,1,0,0,0.93,10,4.26,0.6,4,22,3,0.91,97.4
15,0,1,1,0.67,18,1.24,0.5,4,11,4,0.95,100.0
2,1,0,0,0.58,20,2.21,0.78,0,19,1,0.07,75.2
21,1,0,0,0.5,13,2.49,3.1,4,16,3,0.48,95.77999999999999
11,0,0,1,0.92,7,3.99,4.51,2,22,4,1.0,100.0
8,0,1,0,0.48,9,1.15,3.14,3,8,4,0.81,86.76
10,0,0,0,0.83,17,4.74,3.34,0,9,7,0.37,72.16
21,1,0,1,0.32,4,2.1,3.89,0,26,3,0.28,46.86
15,0,0,0,0.97,11,3.98,2.36,0,0,3,0.03,54.67
15,0,0,1,0.59,20,2.54,2.09,5,20,1,0.2,100.0
22,1,0,1,0.75,0,4.73,5.47,1,1,1,0.44,30.47
4,1,0,1,0.83,14,2.38,1.4,4,21,5,0.04,86.11
3,1,1,1,0.59,0,3.04,3.55,2,20,2,0.67,70.44000000000001
0,1,1,1,0.6,1,3.16,1.26,3,14,6,0.34,74.42
6,0,1,1,0.39,6,4.45,5.42,5,5,2,0.5,89.85
1,1,1,0,0.6,1,3.06,1.11,2,8,0,0.18,44.18
11,0,1,1,0.62,16,1.69,0.95,5,7,6,0.94,100.0
16,0,1,1,0.34,9,3.34,2.5,4,18,8,0.08,89.0
8,0,1,1,0.39,18,3.72,2.16,2,21,6,0.75,93.07000000000001
1,1,0,1,0.4,0,1.4,1.58,3,12,8,0.31,79.66
14,0,1,0,0.31,0,2.05,0.34,2,22,0,0.56,75.48
19,1,1,0,0.67,8,3.52,0.96,4,18,3,0.59,84.08
14,0,1,0,0.95,8,3.62,0.52,4,24,3,0.1,94.67
12,0,0,1,0.31,11,5.0,0.68,0,13,7,0.75,75.56
1,1,1,1,0.51,17,2.09,3.57,5,23,1,0.41,75.86999999999999
16,0,0,0,0.71,4,0.38,1.69,3,6,7,0.49,95.99
15,0,0,0,0.33,8,2.29,2.73,3,6,6,0.25,86.8
8,0,0,1,0.67,9,1.26,3.04,5,6,4,0.66,100.0
4,1,1,0,0.64,10,0.43,4.17,1,20,2,0.96,77.38
9,0,1,1,0.71,2,0.73,1.37,4,25,1,0.49,97.87
23,1,1,1,0.87,20,4.51,1.55,0,27,7,0.92,76.99000000000001
7,0,1,1,0.76,5,1.49,1.64,4,0,4,0.73,78.45
14,0,0,1,0.85,6,4.05,5.34,2,2,7,0.31,74.04
15,0,1,0,0.7,14,0.71,5.93,3,6,6,0.74,86.22
13,0,1,0,0.81,9,2.53,1.17,4,23,1,0.61,86.33999999999999
20,1,0,0,0.54,9,4.59,4.81,5,14,3,0.66,80.22
11,0,1,0,0.41,5,1.85,4.01,3,13,3,0.27,97.57
18,0,0,1,0.35,20,4.5,5.17,2,18,4,0.38,89.58
11,0,0,1,0.52,20,3.37,5.43,4,2,5,0.57,78.19
20,1,0,0,0.72,1,4.91,4.61,4,13,8,0.51,65.25999999999999
1,1,1,1,0.65,20,2.25,1.1,3,6,3,0.1,86.3
13,0,1,0,0.55,0,4.32,2.41,3,7,7,0.23,56.84
18,0,1,1,0.42,17,2.03,5.23,1,2,0,0.84,54.489999999999995
9,0,1,1,0.7,13,3.88,1.16,2,27,0,0.39,70.96
8,0,0,1,0.73,11,3.37,2.87,4,13,0,0.18,100.0
7,0,0,1,0.66,20,0.92,0.33,2,1,6,0.68,91.83999999999999
22,1,0,1,0.76,16,1.13,0.65,4,21,7,0.86,100.0
10,0,0,0,0.75,14,4.6,5.04,3,25,0,0.74,78.08
7,0,1,1,0.49,7,1.23,3.16,2,30,8,0.87,91.33000000000001
19,1,1,0,1.0,2,4.2,2.7,2,5,0,0.78,57.019999999999996
21,1,0,1,0.81,16,2.12,0.87,4,13,3,0.99,100.0
23,1,1,1,0.91,2,3.4,3.13,0,22,4,0.28,66.51999999999998
11,0,1,0,0.32,14,3.0,5.3,0,11,6,0.71,61.20000000000001
5,1,0,0,0.64,13,4.92,1.79,2,2,1,0.78,54.56000000000001
15,0,1,0,0.45,1,3.51,1.5,1,29,0,0.84,68.85000000000001
18,0,1,0,0.79,8,3.73,0.62,1,1,8,0.4,75.53
20,1,0,0,0.96,12,3.75,3.15,5,8,6,0.37,97.88999999999999
2,1,0,1,0.6,0,1.45,4.32,5,20,7,0.59,82.37
5,1,0,0,0.59,14,2.53,2.05,2,0,6,0.55,66.94000000000001
8,0,1,0,0.48,17,0.4,2.78,3,11,0,0.95,100.0
16,0,1,1,0.97,8,1.5,5.25,0,24,6,0.36,87.1
16,0,1,0,0.5,2,4.75,5.24,0,13,4,0.21,41.36
12,0,1,0,0.54,8,4.33,4.79,1,3,2,0.65,48.349999999999994
19,1,0,1,0.87,16,0.69,0.63,5,17,5,0.1,100.0
1,1,0,1,0.77,10,3.07,2.31,3,27,8,0.13,90.59
9,0,1,0,0.69,19,1.13,2.23,3,13,0,0.8,99.11
16,0,0,1,0.79,10,2.2,5.45,0,1,7,0.61,65.28999999999999
23,1,0,1,0.7,13,1.9,3.61,0,0,2,0.69,54.56
14,0,1,1,0.46,5,1.81,1.82,0,2,8,0.36,58.85
17,0,0,0,0.35,19,2.92,3.42,5,20,8,0.1,95.42
23,1,0,1,0.39,19,4.87,1.53,1,28,7,0.09,75.64
9,0,1,1,0.54,13,4.87,3.91,2,26,3,0.76,77.71000000000001
23,1,1,0,0.8,15,2.95,3.96,3,19,6,0.21,86.05999999999999
19,1,1,1,0.79,7,1.3,3.74,3,20,1,0.38,74.81
2,1,0,0,0.84,6,3.28,5.28,3,26,2,0.28,76.8
1,1,1,0,0.61,17,4.27,2.86,4,0,5,0.49,72.51
13,0,0,1,0.97,8,0.44,2.77,0,9,4,0.84,88.38
13,0,0,0,0.49,12,2.18,4.07,3,7,5,0.18,83.75999999999999
0,1,0,0,0.88,0,2.85,1.38,0,27,0,0.05,50.809999999999995
5,1,0,0,0.61,7,1.26,5.25,5,19,2,0.38,96.78
0,1,1,1,0.52,17,2.36,5.75,0,27,3,0.68,58.13000000000001
4,1,1,0,0.94,0,3.45,2.37,3,12,8,0.23,66.44
5,1,0,1,0.42,15,0.31,2.11,4,10,8,0.33,95.16
4,1,1,1,0.68,7,2.39,5.82,0,13,8,0.51,63.83
14,0,0,0,0.99,8,0.54,2.82,4,28,0,0.31,100.0
1,1,0,0,0.83,3,4.66,3.98,0,8,4,0.73,47.21
7,0,0,0,0.3,19,4.44,2.53,3,17,7,0.34,100.0
20,1,0,0,0.69,8,2.69,4.55,1,9,4,0.07,47.04
0,1,0,0,0.91,14,2.93,4.38,4,29,0,0.17,74.51999999999998
3,1,1,1,0.78,2,4.86,1.18,2,0,5,0.18,42.72
18,0,1,0,0.96,4,2.13,1.97,0,21,0,0.79,74.80999999999999
20,1,1,1,0.94,5,1.7,4.65,5,5,0,0.11,67.22
22,1,1,0,0.79,7,4.44,4.42,3,12,2,0.18,51.75000000000001
22,1,0,1,0.43,5,0.6,3.61,5,12,7,0.67,94.56
17,0,1,1,0.81,14,2.13,1.43,2,7,7,0.39,100.0
23,1,0,0,0.44,20,3.31,1.9,3,19,2,0.01,84.35999999999999
23,1,0,0,0.78,16,4.14,1.35,2,9,6,0.38,92.87
0,1,1,0,0.8,1,4.29,5.35,4,6,7,0.6,62.870000000000005
19,1,1,0,0.88,6,3.63,5.3,2,20,8,0.82,70.06
12,0,0,1,0.86,5,4.65,2.43,3,6,2,0.89,83.98
11,0,1,0,0.54,20,3.91,4.36,2,8,2,0.96,72.01
7,0,0,1,0.64,1,4.22,3.87,2,19,1,0.43,68.81000000000002
12,0,1,1,0.91,11,4.67,2.55,5,8,7,0.71,100.0
16,0,1,0,0.4,10,1.05,1.9,1,18,3,0.43,75.34
19,1,0,0,0.75,13,0.86,2.43,2,22,0,0.73,92.03999999999999
2,1,0,1,0.93,5,2.85,3.43,2,23,1,0.74,81.28999999999999
7,0,0,0,0.79,8,4.62,4.1,1,20,0,0.46,82.53000000000002
19,1,0,0,0.6,20,3.02,5.45,3,21,8,0.67,92.12
8,0,1,1,0.76,16,3.5,5.71,0,0,1,0.02,52.19999999999999
7,0,1,1,0.89,18,2.81,4.11,0,24,6,0.78,71.47000000000001
16,0,1,0,0.53,13,0.53,4.17,4,0,8,0.25,87.89
2,1,0,1,0.65,20,1.54,1.78,4,18,0,0.35,97.09
4,1,0,1,0.56,18,0.83,5.26,1,25,5,0.11,78.06
20,1,1,1,0.44,17,0.74,0.92,1,15,6,0.34,85.3
13,0,1,0,0.69,15,2.63,3.38,4,13,6,0.81,100.0
22,1,0,1,0.95,5,3.96,1.94,2,15,7,0.62,84.53
0,1,1,1,0.81,17,4.74,4.23,1,9,3,0.63,44.449999999999996
9,0,1,1,0.43,19,2.12,2.27,2,1,0,0.74,78.74
13,0,0,1,0.54,16,3.73,4.91,2,29,3,0.77,84.83000000000001
12,0,1,1,0.71,13,0.42,0.53,2,3,5,0.61,89.74
5,1,1,0,0.97,8,3.29,1.72,1,12,0,0.53,74.44
21,1,1,1,0.61,17,2.77,4.53,3,14,1,0.03,86.07
4,1,1,0,0.55,13,3.15,0.97,2,8,2,0.25,60.510000000000005
19,1,0,1,0.77,4,2.57,3.95,4,2,0,0.7,60.83999999999999
17,0,1,0,0.49,2,1.9,2.06,3,19,0,0.01,81.55
4,1,1,1,0.69,1,1.67,4.77,1,11,8,0.2,57.010000000000005
16,0,1,0,0.59,17,3.28,3.04,5,6,3,0.13,81.33
17,0,0,0,0.88,1,2.04,4.54,1,30,2,0.85,64.03
8,0,1,0,0.55,8,3.06,1.68,2,26,0,0.58,75.42999999999999
0,1,1,0,0.82,1,1.77,1.27,0,20,5,0.66,67.02
15,0,1,1,0.55,11,2.61,2.67,4,10,2,0.76,98.83
11,0,1,1,0.6,8,4.99,3.85,1,15,0,0.83,80.39
5,1,1,1,0.66,11,3.02,0.38,1,28,4,0.65,70.43999999999998
14,0,1,1,0.38,2,2.44,4.25,0,9,2,0.77,62.63
23,1,1,0,0.59,8,3.28,6.0,3,16,4,0.61,78.76
6,0,0,1,0.82,8,2.41,2.64,1,29,2,0.96,73.47
7,0,1,1,0.89,16,3.46,5.88,0,18,2,0.78,56.65000000000001
7,0,0,0,0.82,0,4.42,0.63,0,7,7,0.31,53.87
6,0,0,0,0.98,20,2.08,0.57,2,28,6,0.88,100.0
10,0,1,1,0.59,20,1.53,3.23,3,9,6,0.88,88.95
20,1,1,0,0.65,4,4.64,0.47,1,24,4,0.41,50.67
1,1,1,0,0.89,19,1.77,1.39,1,8,0,0.06,58.040000000000006
20,1,0,0,0.68,12,4.1,0.81,5,7,0,0.6,80.69999999999999
5,1,0,1,0.56,10,1.33,2.69,5,10,0,0.47,72.81000000000002
20,1,1,0,0.38,2,4.21,3.45,0,9,3,0.29,47.190000000000005
2,1,0,0,0.78,14,3.68,2.67,3,19,3,0.12,100.0
7,0,1,0,0.78,18,0.77,4.36,1,3,7,0.67,85.79
9,0,0,1,0.82,12,4.11,2.6,0,8,7,0.3,86.48
1,1,0,0,0.38,20,0.68,3.3,5,13,5,0.87,100.0
11,0,1,0,0.81,1,1.91,0.37,4,8,0,0.25,76.24000000000001
1,1,1,0,0.44,12,3.26,1.98,1,6,1,0.9,46.98000000000001
5,1,1,1,0.55,13,2.15,3.82,0,0,0,0.91,52.900000000000006
4,1,0,0,0.51,5,3.8,1.16,3,18,1,0.39,64.25999999999999
17,0,1,0,0.91,13,4.19,5.29,5,30,1,0.0,82.59
14,0,0,0,0.48,20,2.36,1.19,0,14,8,0.55,70.99000000000001
5,1,1,0,0.79,6,3.08,4.43,0,24,5,0.48,53.239999999999995
16,0,0,1,0.66,13,2.44,2.02,2,22,0,0.92,91.4
7,0,1,0,0.55,3,1.76,4.63,1,1,0,0.59,48.47
20,1,0,1,0.72,19,1.54,5.14,5,15,2,0.39,84.75999999999999
14,0,0,0,0.38,11,1.66,4.6,0,24,7,0.66,70.36000000000001
3,1,0,1,0.97,0,1.97,4.26,5,4,0,0.85,79.09000000000002
1,1,0,1,0.49,7,1.34,3.77,3,26,7,0.13,100.0
17,0,1,1,0.87,4,3.73,3.9,2,20,5,0.98,85.47999999999999
8,0,0,1,0.88,3,3.34,5.81,3,22,7,0.38,100.0
7,0,0,0,0.76,7,3.84,2.6,0,9,7,0.51,57.33999999999999
18,0,1,0,0.98,10,2.63,4.97,0,28,8,0.38,59.85000000000001
2,1,0,1,0.39,4,0.32,3.85,0,10,5,0.73,49.41
7,0,1,0,0.52,0,4.06,3.34,0,0,7,0.51,46.57000000000001
14,0,1,0,0.7,5,2.6,0.98,2,7,7,0.43,86.61
17,0,0,1,0.42,11,1.49,5.57,5,19,0,0.72,100.0
14,0,0,1,0.62,5,2.82,4.4,5,1,6,0.06,88.84
22,1,1,0,0.85,3,3.02,5.43,3,18,3,0.91,57.28999999999999
21,1,0,1,0.35,2,2.75,0.51,1,5,4,0.84,50.05
10,0,1,1,0.42,3,4.82,1.23,2,27,0,0.52,78.78999999999999
16,0,0,0,0.72,5,4.63,1.11,1,6,1,0.79,64.46000000000001
11,0,0,1,0.41,15,2.35,0.85,5,2,7,0.97,99.44
21,1,0,0,0.32,8,2.04,2.08,5,21,4,0.83,95.67999999999999
6,0,0,1,0.56,14,3.01,1.5,1,16,0,0.12,85.00999999999999
3,1,1,1,0.83,5,1.76,1.9,1,9,8,0.55,70.41
22,1,0,0,0.91,17,1.53,3.76,0,28,7,0.53,72.43999999999998
0,1,1,0,0.96,15,2.92,5.82,3,17,5,0.41,69.71
3,1,0,0,0.79,13,4.66,2.62,4,20,8,0.04,100.0
5,1,1,0,0.64,9,0.51,5.62,5,11,3,0.15,74.75
12,0,0,0,0.61,13,1.15,3.26,2,10,4,0.05,70.62
8,0,1,1,0.93,8,2.81,3.11,0,3,6,0.95,67.08
5,1,1,1,0.97,14,4.56,1.26,0,13,6,0.8,64.11
13,0,1,1,0.51,20,3.3,4.69,2,30,6,0.55,86.77000000000001
8,0,1,0,0.5,2,4.27,1.02,0,23,4,0.45,68.77
14,0,0,1,0.31,18,2.96,0.51,4,29,0,0.41,100.0
1,1,1,1,0.51,13,0.51,3.7,0,1,4,0.6,64.02000000000001
10,0,1,1,0.82,8,0.51,1.89,5,12,4,0.82,100.0
18,0,0,1,0.83,0,1.87,3.3,2,6,8,0.21,86.66000000000001
16,0,1,1,0.54,17,1.75,0.93,0,30,7,0.2,83.2
13,0,0,1,0.38,3,1.89,4.8,5,15,7,0.06,80.76
17,0,0,0,0.38,11,1.69,3.43,3,2,7,0.54,88.74000000000001
7,0,0,1,0.73,14,0.41,5.47,2,6,7,0.44,90.63
7,0,0,0,0.98,14,4.64,2.78,4,26,0,0.96,96.12
19,1,0,0,0.88,10,2.95,2.42,2,7,7,0.06,69.07
14,0,1,1,0.6,14,2.79,3.31,2,12,2,0.39,79.57
21,1,1,1,0.41,6,1.16,2.14,1,29,8,0.54,67.39
3,1,0,1,0.46,14,4.06,4.02,0,15,1,0.94,77.44
14,0,0,0,1.0,16,0.67,0.47,0,21,6,0.67,85.73
18,0,1,1,0.57,14,1.08,0.68,0,4,2,0.78,90.10000000000001
16,0,0,1,0.96,15,0.68,1.07,5,23,7,0.19,100.0
9,0,1,1,0.48,1,0.7,0.33,2,26,6,0.2,91.11
5,1,1,1,0.52,9,2.14,0.82,2,30,8,0.59,77.23
5,1,0,1,0.42,12,4.9,1.87,4,23,6,0.29,73.59
15,0,1,1,0.39,6,1.67,1.34,5,21,3,0.68,100.0
3,1,1,1,0.31,3,2.71,4.41,0,15,8,0.21,59.84000000000001
4,1,0,1,0.66,14,2.82,0.51,4,9,4,0.06,100.0
17,0,1,0,0.84,14,0.74,5.88,5,18,3,0.07,98.47
10,0,0,0,0.92,15,2.77,5.45,1,19,5,0.36,87.68999999999998
17,0,1,1,0.73,14,2.34,3.41,2,7,7,0.73,77.34
21,1,1,1,0.48,8,4.85,4.75,3,2,1,0.96,67.56
9,0,1,0,0.58,0,1.63,4.94,4,15,2,0.92,80.65000000000002
3,1,0,0,0.82,20,4.03,1.37,4,15,4,0.71,81.42
1,1,1,1,0.53,2,2.33,3.35,5,30,6,0.23,92.47000000000001
10,0,0,1,0.48,4,1.3,1.33,4,26,7,0.76,100.0
11,0,1,0,0.98,19,4.4,2.64,0,8,8,0.48,65.86
1,1,1,1,0.8,12,4.31,4.28,3,29,4,0.76,81.82
15,0,1,0,0.99,2,2.1,2.24,2,7,7,0.73,71.19999999999999
15,0,1,0,0.43,3,2.79,1.15,2,23,2,0.46,72.53999999999999
22,1,1,0,0.57,9,0.3,3.16,0,27,1,0.11,62.980000000000004
4,1,0,0,0.54,1,2.94,2.87,0,19,8,0.06,40.71999999999999
5,1,0,0,0.86,7,1.69,1.53,1,17,8,0.06,65.12
6,0,1,1,0.62,18,1.64,5.13,3,19,2,0.79,100.0
16,0,0,0,0.7,9,0.57,0.5,5,10,0,0.14,96.02
0,1,0,1,0.48,4,1.88,0.52,3,20,4,0.18,96.17999999999999
16,0,1,1,0.66,20,1.7,2.07,5,22,5,0.44,100.0
15,0,1,1,0.64,12,0.63,2.58,4,26,4,0.83,98.57
12,0,1,1,0.7,17,4.75,4.23,0,25,2,0.68,77.66
16,0,0,0,0.72,5,0.82,0.57,3,18,3,0.23,87.03
6,0,1,1,0.36,3,1.02,1.9,3,1,0,0.36,73.38
23,1,1,0,0.49,20,3.74,4.92,5,30,2,0.85,91.69999999999999
6,0,1,0,0.65,10,3.93,0.92,2,19,4,0.51,82.77
20,1,1,0,0.94,5,3.89,3.02,4,16,6,0.33,72.30999999999999
15,0,1,0,0.85,19,4.85,2.23,4,19,1,0.03,87.59
4,1,1,1,0.94,15,0.65,5.08,0,15,2,0.69,65.74
20,1,1,0,0.66,6,2.11,2.08,1,28,7,1.0,70.34
10,0,1,0,0.33,4,2.52,2.98,4,26,7,0.43,80.94000000000001
3,1,1,0,0.34,0,4.3,0.64,5,25,7,0.81,86.55
12,0,1,1,0.95,0,4.75,3.8,0,0,5,0.48,42.660000000000004
12,0,0,1,0.74,18,2.72,3.04,1,7,4,0.09,69.92
23,1,1,1,0.55,8,1.05,4.55,5,3,6,0.05,95.55000000000001
20,1,1,0,0.86,14,2.88,5.52,0,4,6,0.1,65.34
11,0,1,1,0.81,3,3.49,1.34,3,13,4,0.24,82.07
10,0,1,0,0.56,14,4.71,3.56,2,24,7,0.7,64.53
9,0,1,0,0.73,4,2.64,1.6,0,15,5,0.44,75.83
22,1,1,0,0.99,17,4.33,1.66,2,9,1,0.0,75.98000000000002
3,1,1,1,0.76,10,0.97,4.55,0,15,1,0.7,82.62
0,1,1,1,0.73,15,2.92,3.96,4,3,2,0.26,58.25
0,1,0,1,0.44,13,2.22,2.3,5,7,3,0.94,97.34
22,1,1,0,0.81,15,4.1,3.15,1,12,5,0.59,76.26000000000002
20,1,0,1,0.5,14,0.72,5.02,1,17,6,0.18,78.76
12,0,0,0,0.72,1,2.82,1.21,2,2,7,1.0,72.28
16,0,1,0,0.69,15,4.07,2.64,4,1,1,0.71,63.71000000000001
1,1,1,0,0.86,17,4.48,4.61,4,23,3,0.14,78.29
2,1,0,1,0.93,18,3.73,2.03,0,23,7,0.53,90.79
14,0,0,1,0.76,12,1.48,0.61,1,3,2,0.85,85.84
5,1,0,0,0.46,8,3.16,4.26,3,2,8,0.13,58.82
16,0,1,1,0.45,1,2.63,2.09,0,3,6,0.84,56.81
11,0,0,1,0.9,15,1.81,5.84,2,6,5,0.47,86.60999999999999
18,0,1,0,0.84,1,2.56,5.96,0,29,2,0.23,48.13000000000001
0,1,1,1,0.56,13,3.53,2.91,3,4,5,0.66,60.69
11,0,0,1,0.89,8,3.85,1.93,2,26,4,0.03,94.31
13,0,0,0,0.81,13,2.47,2.4,5,21,2,0.4,94.42000000000002
10,0,0,0,0.63,3,4.02,2.99,4,15,1,0.47,79.00000000000001
9,0,1,0,0.35,7,4.81,5.16,4,1,3,0.65,67.11000000000001
12,0,1,1,0.59,7,4.75,1.85,4,6,8,0.86,100.0
13,0,0,0,0.52,5,0.34,5.82,0,7,8,0.16,52.42
0,1,1,0,0.55,11,3.34,2.26,1,15,3,0.14,84.42
22,1,1,1,0.52,1,4.36,2.86,3,9,1,0.69,70.04
1,1,1,0,0.6,5,2.1,5.86,3,30,0,0.9,72.03999999999999
15,0,0,1,0.49,17,1.73,5.36,5,27,0,0.28,100.0
17,0,1,0,0.53,11,1.53,5.69,5,23,5,0.43,97.97000000000001
19,1,0,0,0.43,9,3.17,3.1,2,6,7,0.26,68.72
8,0,1,1,0.47,16,3.41,2.33,4,0,6,0.33,75.59
14,0,1,1,0.83,0,0.35,3.65,4,24,4,0.32,96.08000000000001
4,1,1,0,0.95,10,1.73,0.44,4,28,5,0.29,100.0
18,0,0,1,0.91,14,2.57,2.18,3,7,7,0.98,100.0
20,1,1,0,0.49,5,3.38,2.68,2,19,2,0.85,61.650000000000006
7,0,0,0,0.44,2,1.99,0.61,4,28,1,0.77,84.1
16,0,0,1,0.57,19,1.59,4.33,4,6,2,0.23,88.56
12,0,1,1,0.55,1,3.62,3.79,4,21,4,0.57,79.80999999999999
10,0,0,0,0.82,10,2.43,2.28,0,5,7,0.57,58.75000000000001
13,0,1,1,0.82,17,2.25,2.26,0,17,7,0.67,89.09
8,0,1,0,0.95,18,4.13,5.69,3,22,1,0.45,97.69999999999999
11,0,1,0,0.94,3,1.2,0.69,1,1,7,0.27,74.53
23,1,0,1,0.72,2,2.23,3.12,3,19,6,0.18,81.39
19,1,0,0,0.78,0,2.61,4.63,3,25,4,0.81,69.12
6,0,1,1,0.46,11,1.87,5.79,0,4,8,0.73,70.09
9,0,0,1,0.76,20,4.21,3.73,0,25,2,0.5,87.17999999999999
8,0,1,0,0.55,18,2.95,3.37,3,4,2,1.0,91.43
0,1,0,0,0.99,20,0.57,4.45,2,1,7,0.56,74.48000000000002
4,1,0,1,0.56,15,2.15,4.94,5,14,4,0.06,95.56000000000002
5,1,0,0,0.66,15,0.4,2.07,3,18,5,0.5,84.03999999999999
7,0,0,0,0.63,19,1.01,3.76,5,20,0,0.44,100.0
20,1,0,1,0.61,2,1.29,4.37,3,28,3,0.61,77.05
18,0,0,1,0.45,9,3.02,1.57,5,29,1,0.04,100.0
5,1,0,1,0.64,9,0.65,5.05,5,8,8,0.9,100.0
7,0,1,0,0.92,15,0.75,4.1,1,9,8,0.45,68.78
9,0,1,1,0.49,2,1.28,2.33,1,3,3,0.14,68.0
5,1,1,1,0.83,5,3.14,5.26,4,19,5,0.99,83.91
20,1,1,0,0.51,11,3.78,5.18,2,7,8,0.53,67.92999999999999
16,0,1,0,0.4,14,2.31,5.19,5,26,6,0.72,100.0
6,0,1,1,0.84,3,2.71,5.98,4,16,8,0.06,90.49
13,0,1,0,0.83,12,3.56,4.71,0,25,2,0.31,56.14999999999999
3,1,0,0,0.8,9,4.95,4.94,0,16,2,0.11,62.839999999999996
1,1,1,0,0.39,18,2.79,3.16,1,26,6,0.64,55.82
14,0,1,1,0.86,18,3.8,4.39,1,16,6,0.16,75.72
5,1,1,0,0.46,3,3.44,3.33,4,25,1,0.38,62.44000000000001
21,1,0,1,0.66,11,1.63,0.38,3,1,5,0.82,76.6
7,0,0,1,0.69,17,0.34,2.96,1,5,0,0.16,93.73
6,0,0,0,0.63,20,3.72,4.81,2,22,3,0.09,94.08000000000001
22,1,0,0,0.32,4,2.46,2.31,4,25,1,0.03,79.08
11,0,1,1,0.6,16,0.93,2.4,0,6,0,0.26,72.18
23,1,0,0,0.81,5,2.24,2.21,4,10,3,0.86,67.86999999999999
21,1,0,1,0.49,6,0.82,4.31,0,29,8,0.33,69.85
11,0,0,0,0.38,3,2.99,2.05,0,30,2,0.98,60.44000000000001
4,1,1,0,0.56,13,4.2,5.45,2,14,6,0.76,83.87
20,1,1,0,0.85,0,2.94,1.41,2,18,5,0.77,58.989999999999995
16,0,1,0,0.66,15,0.49,5.74,5,7,0,0.08,76.16
20,1,0,1,0.31,5,1.76,5.44,3,9,8,0.61,73.06000000000002
16,0,0,0,0.33,12,3.58,0.98,2,8,6,0.17,82.63000000000002
20,1,0,1,0.58,6,3.55,3.65,3,20,6,0.03,73.04
8,0,0,0,0.58,11,3.65,0.32,0,0,5,0.65,62.400000000000006
2,1,0,1,0.44,12,1.43,3.89,3,16,8,0.23,91.6
23,1,0,0,0.91,9,3.15,5.9,0,1,8,0.67,40.790000000000006
20,1,1,1,0.4,17,1.66,1.06,1,2,2,0.6,74.62
20,1,0,0,0.33,10,0.37,2.33,0,13,5,0.01,78.94
8,0,0,0,0.74,20,2.42,3.6,3,13,8,0.34,90.28
8,0,0,1,0.9,11,0.66,0.3,5,5,2,0.43,100.0
16,0,1,1,0.5,5,4.77,4.71,2,17,8,0.23,85.4
14,0,1,0,0.8,1,2.8,5.77,3,29,5,0.47,82.47
19,1,0,1,0.88,11,1.43,4.81,5,8,4,0.57,74.32
1,1,1,1,0.35,19,3.94,3.19,0,11,8,0.74,70.1
1,1,1,0,0.32,13,4.84,3.57,4,18,6,0.31,70.39
21,1,0,0,0.46,4,1.84,6.0,0,30,4,0.31,55.48
2,1,1,0,0.93,1,3.72,3.79,3,22,5,0.22,70.86
0,1,0,1,0.96,19,4.51,4.82,5,13,7,0.64,96.23
11,0,1,1,0.81,8,1.98,2.15,1,12,2,0.59,81.32
18,0,0,0,0.97,17,1.35,1.65,3,16,3,0.43,100.0
23,1,1,1,0.93,3,1.0,0.37,1,30,2,0.72,78.72
19,1,1,0,0.54,18,1.58,2.92,4,7,0,0.48,66.53999999999999
0,1,0,0,0.35,0,2.04,0.33,4,25,7,0.6,79.07
4,1,0,0,0.44,14,2.51,5.89,2,30,8,0.54,76.86
3,1,0,0,0.92,12,3.73,0.99,4,16,1,0.99,80.53999999999999
2,1,0,0,0.48,17,2.15,2.04,0,21,5,0.95,56.71000000000001
2,1,0,1,0.67,0,0.54,5.49,1,19,8,0.75,71.53999999999999
23,1,0,1,0.61,19,3.66,1.01,4,16,0,0.65,88.44000000000001
6,0,1,1,0.55,6,4.86,0.46,4,10,7,0.73,96.39000000000001
6,0,1,1,0.97,20,4.57,0.42,2,23,1,0.68,87.69
14,0,1,0,0.84,6,3.26,0.57,3,7,0,0.07,77.71000000000002
20,1,1,0,0.8,17,1.63,3.32,3,18,6,0.81,89.06
15,0,1,1,0.44,5,3.76,4.45,1,14,2,0.36,80.46999999999998
16,0,0,0,0.87,5,3.28,3.18,4,11,8,0.08,87.85
11,0,0,1,0.55,13,4.53,3.9,4,16,5,0.64,95.27
18,0,1,0,0.53,9,4.83,4.9,0,30,0,1.0,55.09000000000001
16,0,1,0,0.62,0,4.4,4.28,5,19,7,0.23,95.32
2,1,0,0,0.8,6,3.18,2.37,5,3,2,0.32,56.45
15,0,1,1,0.41,14,4.07,4.87,0,20,0,0.09,79.91999999999999
16,0,0,1,0.69,19,0.55,0.46,4,1,7,0.19,100.0
19,1,1,0,0.42,3,4.47,2.23,4,18,4,0.37,71.44
13,0,0,1,0.78,17,4.42,1.91,3,8,0,0.24,98.13
20,1,1,1,0.71,7,3.58,4.76,1,24,8,0.07,73.06
12,0,0,1,0.41,16,4.21,1.11,5,28,2,0.87,100.0
14,0,0,1,0.4,9,3.73,3.42,4,4,5,0.61,90.78999999999999
2,1,1,0,0.54,18,2.55,5.73,1,8,8,0.48,74.75
16,0,1,1,0.62,17,3.91,5.24,1,7,2,0.95,60.40999999999998
15,0,0,0,0.43,18,2.38,5.97,4,7,1,0.2,87.41
5,1,1,1,0.38,1,0.79,0.33,3,20,2,0.14,87.39
12,0,1,1,0.47,14,3.04,5.46,0,16,1,0.6,69.03
22,1,0,0,0.72,2,3.9,1.63,5,30,4,0.84,72.72
18,0,0,0,0.97,8,0.5,3.95,1,7,1,0.38,71.52999999999999
9,0,1,0,0.96,16,3.85,0.44,3,3,3,0.95,94.31000000000002
11,0,1,0,0.42,19,2.59,3.38,1,2,3,0.83,65.02
9,0,1,1,0.5,11,2.21,4.94,4,21,0,0.69,100.0
0,1,1,0,0.41,2,2.86,3.66,5,30,0,0.15,74.75
0,1,0,1,0.78,4,4.32,4.97,0,14,4,0.57,63.28000000000001
0,1,0,0,0.43,3,3.71,3.69,2,20,6,0.03,66.27
18,0,1,1,0.67,8,3.88,4.19,0,3,1,0.74,41.20999999999999
19,1,1,0,0.58,19,2.27,3.7,0,29,3,0.91,69.50999999999999
21,1,1,0,0.54,10,2.59,5.74,2,13,7,0.79,84.07000000000001
8,0,1,1,0.64,3,3.11,1.78,1,22,4,0.6,71.65
9,0,1,1,0.31,3,2.47,0.65,1,17,8,0.63,80.26000000000002
1,1,1,0,0.38,4,3.3,1.65,3,3,1,1.0,43.32000000000001
16,0,0,0,0.32,13,3.97,0.93,4,22,8,0.13,90.32
12,0,1,0,0.53,9,1.91,2.48,0,22,0,0.13,74.82000000000001
21,1,0,0,0.43,11,3.26,5.65,0,27,6,0.69,70.19
19,1,0,0,0.86,4,1.28,5.81,5,5,3,0.49,63.58999999999999
18,0,1,1,0.8,20,2.8,3.18,4,13,5,0.22,94.88000000000001
2,1,1,1,0.89,10,2.88,5.98,0,6,5,0.27,57.480000000000004
21,1,0,0,0.97,8,2.13,0.65,3,11,5,0.04,72.27000000000001
3,1,1,0,0.84,11,2.9,0.65,2,15,1,0.09,74.60000000000002
0,1,1,0,0.87,13,2.14,2.47,5,26,6,0.93,100.0
14,0,0,0,0.73,15,2.97,4.67,3,11,5,0.64,91.59
9,0,0,0,0.67,5,3.08,4.32,5,7,3,0.47,80.66999999999999
6,0,1,1,0.62,5,3.68,2.62,3,10,0,0.64,85.06
21,1,1,1,0.63,3,2.37,4.79,0,21,1,0.31,62.610000000000014
9,0,0,0,0.66,15,2.08,5.47,1,30,8,0.82,82.48
1,1,0,1,0.49,11,3.81,0.88,5,18,0,0.93,100.0
8,0,1,1,0.41,4,4.15,0.58,3,16,7,0.17,90.71000000000001
2,1,1,1,0.3,11,3.86,5.37,0,25,7,0.34,73.13
13,0,0,0,0.75,13,1.96,4.67,5,4,0,0.44,84.61999999999999
1,1,1,1,0.7,12,2.18,1.85,4,0,4,0.42,59.69999999999999
2,1,1,0,0.42,19,3.35,2.76,3,30,8,0.82,96.67999999999999
2,1,1,0,0.91,5,2.18,4.28,3,9,1,0.94,65.42
22,1,1,0,0.73,19,3.05,1.19,3,17,3,0.07,78.4
15,0,0,1,0.65,2,1.93,2.39,2,12,5,0.65,73.72
23,1,1,0,0.45,2,4.68,2.62,4,10,3,0.05,83.57000000000001
11,0,1,0,0.99,0,4.55,2.43,4,5,0,0.02,76.97
6,0,1,0,0.53,19,2.99,2.88,1,6,1,0.72,53.01
16,0,0,1,0.7,19,4.65,5.17,5,5,4,0.71,100.0
0,1,0,0,0.36,8,4.2,4.95,0,12,5,0.41,50.54999999999999
6,0,0,0,0.98,9,4.39,5.5,0,15,0,0.97,66.05
8,0,1,1,0.96,7,3.53,4.84,5,21,7,0.15,100.0
16,0,1,1,0.58,2,0.77,5.96,4,27,3,0.68,84.12
4,1,1,0,0.97,0,0.36,1.96,5,7,7,0.32,68.84
9,0,0,0,0.8,20,2.13,5.36,1,10,5,0.06,66.27000000000001
5,1,0,0,0.41,11,3.95,4.84,4,5,7,0.15,73.50999999999999
22,1,0,0,0.98,6,1.38,2.9,0,20,6,0.7,62.08
6,0,0,1,0.66,6,0.96,3.37,3,20,0,0.81,85.30999999999999
6,0,0,1,0.82,1,4.29,4.04,5,11,6,0.44,87.02999999999999
5,1,0,1,0.83,15,4.55,3.61,2,7,2,0.12,54.54
3,1,0,0,0.38,20,1.93,4.85,5,22,2,0.82,69.14
14,0,0,1,0.45,13,4.89,0.74,4,23,6,0.5,100.0
10,0,0,1,0.73,18,0.61,0.3,0,1,7,0.04,75.75
8,0,0,0,0.61,14,4.95,0.63,2,26,1,0.6,92.55000000000001
4,1,0,1,0.89,19,3.04,0.46,5,13,8,0.95,100.0
13,0,1,0,0.9,16,4.28,2.15,5,1,6,0.57,92.27
23,1,0,0,0.99,19,1.11,5.36,2,17,5,0.51,78.43
20,1,0,0,0.37,6,0.44,3.04,4,0,8,0.52,59.93000000000001
21,1,1,1,0.47,14,0.75,2.22,2,4,1,0.36,55.769999999999996
10,0,1,1,0.47,8,4.01,1.52,5,13,1,0.23,100.0
3,1,1,0,0.61,7,2.97,2.96,3,16,0,0.64,85.52000000000001
4,1,0,1,0.72,1,3.55,1.8,4,13,7,0.25,69.46
3,1,0,1,0.85,9,1.3,2.32,5,25,6,0.98,95.96999999999998
8,0,0,0,0.97,10,0.65,4.37,0,0,0,0.07,61.8
6,0,0,0,0.77,6,4.92,5.6,5,21,3,0.29,96.82000000000001
21,1,0,0,0.91,3,3.85,2.01,3,30,4,0.9,65.86000000000001
5,1,1,1,0.56,3,2.91,1.01,4,21,1,0.41,78.14
2,1,0,0,0.7,18,0.46,1.04,5,11,5,0.98,100.0
2,1,0,1,0.59,9,3.59,0.82,0,9,6,0.25,51.11000000000001
18,0,1,1,0.4,11,2.27,0.54,3,16,1,0.72,95.74
17,0,0,0,0.63,9,0.63,4.75,5,30,4,0.6,97.16000000000001
5,1,0,0,0.63,5,4.75,4.76,2,24,7,0.04,56.589999999999996
4,1,1,0,0.36,1,2.84,1.69,5,10,7,0.02,79.1
12,0,0,0,0.44,20,0.32,1.75,5,5,6,0.65,96.25
21,1,0,0,0.76,8,2.93,4.47,0,7,6,0.98,57.64999999999999
15,0,1,0,0.83,4,1.94,2.42,1,1,8,0.42,58.589999999999996
2,1,0,1,0.71,10,0.82,5.47,0,25,1,0.78,78.74000000000001
9,0,1,0,0.59,19,4.11,4.33,1,28,4,0.99,78.27000000000001
19,1,0,1,0.61,18,3.94,5.53,0,15,0,0.64,71.12
18,0,0,1,0.94,8,1.24,5.0,2,8,4,0.96,94.06
12,0,0,0,0.49,7,1.15,4.7,1,10,2,0.88,75.41
13,0,0,0,0.51,17,2.75,5.17,5,16,0,0.07,100.0
18,0,0,1,0.66,14,2.69,3.16,3,29,2,0.05,95.27000000000001
16,0,1,0,0.98,12,2.12,2.62,2,27,6,0.9,88.14
19,1,1,1,0.95,15,3.51,5.48,0,18,4,0.79,64.94999999999999
17,0,0,0,0.39,17,1.66,0.82,0,26,5,0.28,85.59000000000002
1,1,1,0,0.51,8,3.83,1.24,3,16,3,0.29,84.79
21,1,1,1,0.65,0,2.36,3.42,2,14,5,0.25,68.83
1,1,1,0,0.72,9,2.54,0.39,4,17,5,0.74,97.15999999999998
12,0,1,1,0.7,7,1.01,2.02,2,10,5,0.66,94.07
3,1,1,0,0.6,13,3.34,3.72,4,9,4,0.19,85.70000000000002
3,1,0,0,0.35,7,3.39,3.5,1,12,3,0.2,70.86999999999999
18,0,0,0,0.38,1,3.74,1.95,5,1,4,0.33,80.46
6,0,0,0,0.35,4,2.13,2.42,1,14,2,0.03,64.77
20,1,1,1,0.79,5,4.17,5.67,4,5,5,0.71,79.78
15,0,0,0,0.51,3,0.39,2.4,1,12,1,0.07,75.74
5,1,0,0,0.32,10,4.72,2.03,3,22,5,0.65,87.38
19,1,1,1,0.62,0,2.48,1.28,0,10,6,0.38,60.62
18,0,1,1,0.53,16,1.92,4.92,0,29,1,0.46,64.42999999999999
23,1,0,1,0.47,3,0.62,2.11,2,4,1,0.44,61.68000000000001
18,0,1,0,0.32,5,4.02,3.33,3,11,4,0.63,58.500000000000014
0,1,0,1,0.62,11,2.81,4.53,2,10,3,0.05,70.28999999999999
20,1,1,0,0.39,12,0.63,3.97,0,12,6,0.6,67.53
8,0,1,1,0.81,9,4.81,4.75,1,23,5,0.21,71.29
11,0,0,0,0.52,18,0.88,1.59,3,2,3,0.09,96.55
10,0,1,1,0.63,2,4.21,0.58,1,24,4,0.72,80.38000000000001
19,1,1,0,0.54,13,1.77,5.81,4,14,6,0.28,93.25
23,1,0,1,0.92,2,3.94,1.02,1,24,5,0.91,75.4
4,1,0,0,0.91,3,2.64,1.48,2,7,4,0.61,72.62
6,0,0,0,0.57,10,2.33,0.9,2,8,0,0.12,84.73000000000002
1,1,1,1,0.67,14,3.76,1.53,0,30,6,0.88,73.3
13,0,1,1,0.45,4,4.02,3.82,1,25,2,0.8,67.69
20,1,0,1,0.58,2,4.63,1.41,1,12,5,1.0,63.019999999999996
3,1,1,0,0.91,1,3.81,2.21,2,23,0,0.6,60.92
7,0,1,0,0.66,6,3.25,0.33,0,24,8,0.56,76.02
2,1,0,1,0.81,11,1.75,1.24,5,17,2,0.73,100.0
20,1,0,1,0.47,1,1.44,4.97,0,15,5,0.44,73.44
4,1,0,0,0.67,9,1.89,3.29,2,5,3,0.68,55.78999999999999
9,0,0,1,0.56,0,1.72,0.5,4,10,0,0.02,87.38000000000001
11,0,0,0,0.31,13,2.59,5.19,0,30,5,0.86,72.22
16,0,1,0,0.44,19,3.54,2.64,3,3,7,0.6,70.3
16,0,0,1,0.51,7,2.05,5.44,3,12,5,0.71,97.28999999999999
22,1,0,0,0.58,6,3.31,0.45,4,20,4,0.58,90.11999999999998
5,1,0,0,0.42,15,3.01,4.48,5,29,0,0.94,91.50999999999999
16,0,1,0,0.56,20,4.61,5.94,1,5,6,0.33,64.69
10,0,1,0,0.31,13,3.62,0.33,0,11,6,0.08,77.88000000000001
21,1,1,0,0.77,18,2.94,0.94,4,21,6,0.69,88.56
3,1,1,1,0.98,12,1.66,3.09,4,4,4,0.78,76.98000000000002
15,0,0,1,0.98,15,3.86,2.3,2,24,7,0.29,97.22
9,0,0,1,0.8,11,4.7,0.78,4,19,3,0.54,100.0
18,0,1,0,0.65,18,3.38,4.73,4,4,3,0.4,92.30999999999999
14,0,0,1,0.84,0,1.66,0.55,5,30,0,0.02,100.0
10,0,0,0,0.95,18,2.12,4.43,1,15,3,0.84,89.69
12,0,0,0,0.31,18,0.48,3.54,3,7,3,0.12,78.20000000000002
16,0,0,0,0.76,7,4.27,5.67,1,21,3,0.75,73.38999999999999
2,1,0,0,0.64,12,2.0,4.85,0,8,7,0.64,71.42
12,0,0,0,0.77,18,2.72,5.01,1,9,7,0.11,65.46000000000001
8,0,0,1,0.95,17,4.11,3.55,2,8,7,0.01,84.51
20,1,0,0,0.67,17,3.54,3.04,0,14,0,0.82,66.83
16,0,1,1,0.59,9,0.86,3.83,1,22,8,0.02,94.04
7,0,1,0,0.46,15,4.84,4.32,4,16,2,0.56,89.21999999999998
0,1,1,1,0.34,9,3.35,4.1,0,29,0,0.88,62.630000000000024
12,0,0,1,0.71,20,2.38,4.75,2,7,7,0.48,89.12
2,1,1,0,0.49,3,3.04,1.21,4,28,0,0.35,62.50999999999999
23,1,1,1,0.73,18,4.89,5.26,0,29,8,0.9,54.589999999999996
20,1,1,0,0.67,3,0.59,2.36,2,5,0,0.08,54.62999999999999
2,1,0,1,0.4,14,2.11,2.21,2,6,7,0.95,73.67000000000002
2,1,1,0,0.95,6,3.17,4.01,5,14,8,0.79,87.6
14,0,1,1,0.95,6,3.07,5.09,5,25,2,0.62,100.0
21,1,0,1,0.91,10,2.24,3.84,3,2,3,0.96,92.24999999999999
6,0,1,0,0.39,0,4.22,3.9,1,7,4,0.13,47.220000000000006
20,1,0,0,0.9,11,3.14,2.21,5,2,6,0.59,100.0
8,0,0,0,0.82,11,2.79,4.62,2,3,7,0.85,88.81
22,1,0,0,0.65,18,3.1,4.07,3,18,0,0.46,78.53999999999999
11,0,1,0,0.74,11,3.39,4.09,3,29,5,0.83,87.49
22,1,1,0,0.37,11,2.94,4.15,2,23,7,0.05,60.24000000000001
20,1,0,1,0.5,18,1.07,4.18,1,11,2,0.75,70.43
21,1,1,1,0.86,0,1.89,1.41,4,4,5,0.05,86.31
11,0,1,1,0.78,17,3.76,5.34,0,23,2,0.46,54.78000000000001
20,1,0,0,0.65,17,2.71,0.62,3,2,6,0.92,59.129999999999995
15,0,0,0,0.83,8,2.26,0.44,5,17,4,0.94,100.0
2,1,1,0,0.45,9,2.94,3.21,3,17,0,0.18,71.92
20,1,0,0,0.44,0,0.39,5.64,5,9,0,0.58,76.66
16,0,1,0,0.83,18,4.92,1.97,2,0,2,0.35,73.82000000000001
9,0,1,0,1.0,1,4.71,0.71,3,28,4,0.78,73.21000000000001
14,0,1,0,0.69,9,4.44,4.91,1,22,8,0.66,75.07
2,1,1,0,0.63,4,3.06,1.65,4,19,7,0.51,81.06000000000002
8,0,0,1,0.54,4,3.63,2.83,0,25,5,0.85,78.16
12,0,1,0,0.75,6,4.52,1.98,2,5,3,0.4,59.93000000000001
14,0,0,0,0.49,15,2.4,3.11,4,2,6,0.64,69.61
6,0,0,1,0.97,12,1.33,0.89,4,20,6,0.54,100.0
7,0,0,0,0.57,13,1.71,5.57,4,23,7,0.57,100.0
12,0,0,1,0.33,3,0.71,2.88,2,15,0,0.55,79.22
12,0,0,0,0.95,14,1.25,2.07,0,12,4,0.25,62.459999999999994
0,1,1,0,0.41,20,3.44,1.27,3,30,4,0.5,70.27999999999999
8,0,1,0,0.75,13,1.04,1.11,2,27,8,0.57,100.0
15,0,0,1,0.64,13,2.1,5.93,0,27,5,0.17,89.01
10,0,1,0,0.33,7,1.7,0.6,2,14,8,0.14,94.23000000000002
11,0,1,0,0.9,10,1.37,4.62,0,14,6,0.43,69.87
22,1,1,0,0.84,18,2.26,3.89,2,9,3,0.59,64.31
22,1,0,0,0.82,11,1.66,0.61,1,11,1,0.24,80.49000000000001
20,1,0,0,0.94,13,4.65,2.31,3,1,0,0.85,63.95000000000001
1,1,0,0,0.99,2,3.17,5.08,4,18,5,0.57,77.67
6,0,0,1,0.89,17,3.42,3.37,0,5,7,0.89,78.38
11,0,0,0,0.34,6,0.32,5.3,5,10,6,0.3,97.06
6,0,0,0,0.93,16,3.02,5.48,2,7,5,0.33,76.69
6,0,1,1,0.92,8,4.9,4.47,5,2,2,0.18,84.56
8,0,1,1,0.76,1,0.55,3.01,4,9,5,0.49,99.57
7,0,0,1,0.84,14,1.51,2.44,4,12,7,0.84,100.0
5,1,0,0,0.54,18,4.59,0.66,2,30,2,0.09,72.46000000000001
18,0,1,0,0.61,20,0.8,4.29,4,9,3,0.17,100.0
11,0,0,1,0.93,4,0.34,1.35,3,2,4,0.74,92.22
10,0,1,0,0.57,12,3.12,3.29,3,30,7,0.53,80.38
6,0,0,0,0.93,18,3.63,1.43,3,30,8,0.64,93.52
17,0,1,1,0.88,10,4.73,4.2,3,30,7,0.58,84.36999999999999
17,0,0,1,0.72,8,1.54,4.63,1,9,6,0.35,91.75
23,1,0,1,0.62,11,4.82,3.2,0,26,7,0.7,84.03999999999999
22,1,0,0,0.51,13,1.12,4.81,4,27,2,0.25,98.92999999999999
2,1,1,0,0.87,16,1.78,4.85,3,26,7,0.44,73.3
21,1,0,0,0.96,8,3.37,1.95,3,27,1,0.98,85.09
15,0,1,0,0.61,6,1.54,2.34,0,23,6,0.4,76.66999999999999
23,1,0,0,0.32,2,3.08,3.91,2,16,4,0.49,50.089999999999996
17,0,0,1,0.75,0,1.52,1.47,1,1,8,0.75,73.47
2,1,0,0,0.5,9,0.34,3.86,0,27,7,0.27,59.30000000000001
1,1,1,1,0.35,20,2.5,1.96,3,30,2,0.32,93.94
16,0,0,1,0.55,17,2.98,3.6,3,14,4,0.38,97.56
9,0,1,1,0.36,7,1.18,0.93,3,30,7,0.31,100.0
7,0,0,1,0.63,8,4.15,5.65,1,17,3,0.2,76.69000000000001
1,1,1,1,0.79,10,2.65,1.61,5,1,7,0.5,79.35000000000001
8,0,0,1,0.68,0,2.09,2.55,0,5,3,0.1,50.96999999999999
5,1,1,0,0.47,7,4.46,5.37,4,14,6,0.61,61.03
9,0,0,0,0.56,10,2.82,2.71,1,7,8,0.05,78.89
15,0,0,0,0.94,7,0.85,2.04,4,28,2,0.83,96.27999999999999
20,1,1,1,0.64,2,0.75,5.93,5,19,5,0.54,64.9
9,0,1,1,0.85,4,1.53,4.24,4,12,3,0.32,95.99
13,0,1,0,0.49,20,2.99,5.68,1,11,3,0.42,82.05000000000001
18,0,0,0,0.37,14,4.4,0.39,5,9,3,0.07,100.0
19,1,0,0,0.86,12,3.16,3.57,3,30,3,0.55,87.04
17,0,1,1,0.48,20,3.71,2.54,5,1,5,0.37,89.42
4,1,1,0,0.4,7,3.56,2.14,2,21,4,0.86,59.46
10,0,1,0,0.5,11,2.25,2.41,2,11,4,0.44,90.85000000000001
5,1,1,1,0.36,20,3.37,3.1,3,1,5,0.29,65.02
18,0,0,0,0.43,8,4.45,5.98,5,12,6,0.39,92.95
10,0,0,0,0.64,15,1.86,2.69,0,6,6,0.47,66.56
12,0,1,0,0.73,19,2.57,0.53,0,29,8,0.72,69.13
21,1,0,1,0.69,1,3.19,4.3,0,18,1,0.37,50.18999999999999
17,0,1,0,0.62,17,2.71,3.34,1,8,6,0.28,69.61000000000001
14,0,1,1,0.49,11,4.29,1.61,2,2,6,0.81,80.98
4,1,1,1,0.83,14,1.29,0.66,0,5,2,0.58,86.57000000000001
11,0,0,0,0.91,19,2.37,2.8,1,25,6,0.63,84.25
14,0,0,0,0.34,5,3.4,5.59,0,4,8,0.55,62.43000000000001
2,1,1,0,0.8,0,0.67,1.87,1,6,5,0.99,57.22
21,1,1,1,0.93,7,4.3,1.06,2,14,3,0.83,60.41999999999999
19,1,0,0,0.55,7,3.95,0.37,4,24,6,0.95,96.96000000000002
21,1,0,1,0.81,15,4.26,5.04,5,10,7,0.19,94.76
2,1,0,1,0.64,9,3.16,4.07,5,26,8,0.83,100.0
14,0,0,0,0.73,7,2.84,1.3,5,21,8,0.86,100.0
17,0,1,1,0.76,0,2.97,4.21,2,12,7,0.21,69.31
19,1,1,1,0.81,0,1.23,2.92,3,25,8,0.44,79.03
13,0,0,1,0.83,20,2.56,0.81,2,1,8,0.32,86.71
10,0,0,0,0.96,2,4.09,5.16,0,21,5,0.6,52.540000000000006
21,1,1,1,0.41,19,0.61,0.62,3,2,5,0.46,72.18
22,1,1,0,0.69,7,0.58,4.74,2,13,8,0.61,78.19000000000001
2,1,0,0,0.43,16,3.74,2.68,0,2,7,0.82,57.449999999999996
4,1,0,1,0.31,3,3.12,5.93,2,7,2,0.04,58.07
17,0,1,0,0.81,8,2.74,4.57,1,3,5,0.87,57.36
23,1,0,0,0.61,18,0.94,0.42,3,5,6,0.69,78.91000000000001
5,1,0,1,0.49,17,2.17,4.49,3,16,1,0.04,70.53
16,0,0,1,0.75,18,0.53,5.4,4,15,4,0.43,100.0
6,0,1,0,0.58,3,1.45,3.35,5,15,5,0.21,93.69000000000001
23,1,0,1,0.84,0,3.47,3.55,5,21,0,0.98,78.67
12,0,0,1,0.47,6,2.38,0.78,2,4,6,0.74,82.76999999999998
2,1,1,1,0.5,16,4.8,0.61,0,1,0,0.59,46.67000000000001
18,0,1,1,0.5,14,1.03,5.98,3,16,5,0.04,93.50999999999999
12,0,1,1,1.0,17,2.65,3.81,5,8,5,0.92,98.27
11,0,0,1,0.34,7,3.38,4.44,2,24,5,0.44,83.58000000000001
23,1,1,0,0.9,8,3.77,3.72,1,17,3,0.85,76.02
8,0,1,0,0.51,1,4.43,3.5,0,25,4,0.03,39.82
14,0,1,0,0.53,18,1.68,3.93,2,21,5,0.37,83.33
17,0,1,0,0.95,5,3.5,5.37,4,30,3,0.28,82.17
8,0,0,1,0.54,4,1.0,1.96,3,8,1,0.68,85.92
21,1,0,1,0.98,6,2.65,1.71,4,7,2,0.31,90.13000000000001
8,0,0,1,0.49,2,4.98,1.48,5,27,5,0.51,100.0
22,1,1,0,0.42,2,1.15,2.8,3,3,2,0.15,69.80000000000001
8,0,0,1,0.56,0,2.38,2.99,2,16,1,0.19,84.07
13,0,1,1,0.74,13,2.0,5.26,5,4,3,0.78,89.78000000000002
22,1,0,1,0.52,12,1.94,5.29,1,28,5,0.98,88.36999999999999
